URL,Останнє сканування
https://plantspack.com/place/tandoori-cuisine,2026-05-13
https://www.plantspack.com/place/mygel-malmo,2026-05-13
https://www.plantspack.com/place/cibus-take-away-schaffhausen,2026-05-12
https://www.plantspack.com/place/juice-brothers-amsterdam,2026-05-12
https://www.plantspack.com/place/bowl-mykonos-mykonos,2026-05-12
https://www.plantspack.com/place/eat-is-life-ibiza,2026-05-12
https://www.plantspack.com/place/casa-angelina-amalfi-coast,2026-05-12
https://www.plantspack.com/place/koukoumi,2026-05-12
https://www.plantspack.com/place/la-terrazza-di-venere-capri,2026-05-12
https://plantspack.com/place/sikatio-restaurant-bar-grill-london,2026-05-12
https://www.plantspack.com/place/sikatio-restaurant-bar-grill-london,2026-05-12
https://plantspack.com/place/bar-melodrama-havana,2026-05-12
https://www.plantspack.com/place/bar-melodrama-havana,2026-05-12
https://plantspack.com/place/200-coffee-leeds,2026-05-12
https://www.plantspack.com/place/200-coffee-leeds,2026-05-12
https://plantspack.com/place/riverside-hotel-friendsville,2026-05-12
https://www.plantspack.com/place/riverside-hotel-friendsville,2026-05-12
https://plantspack.com/place/boomfast-iernut,2026-05-12
https://www.plantspack.com/place/boomfast-iernut,2026-05-12
https://plantspack.com/place/julia-s-zwolle,2026-05-12
https://www.plantspack.com/place/julia-s-zwolle,2026-05-12
https://plantspack.com/place/cruisin-coffee-iowa-bellingham,2026-05-12
https://www.plantspack.com/place/cruisin-coffee-iowa-bellingham,2026-05-12
https://plantspack.com/place/bed-rock-pernem,2026-05-12
https://www.plantspack.com/place/bed-rock-pernem,2026-05-12
https://plantspack.com/place/qmuh-ravensburg,2026-05-12
https://www.plantspack.com/place/qmuh-ravensburg,2026-05-12
https://plantspack.com/place/viva-cuba-leeds,2026-05-12
https://www.plantspack.com/place/viva-cuba-leeds,2026-05-12
https://plantspack.com/place/catskill-animal-sanctuary-saugerties,2026-05-12
https://www.plantspack.com/place/catskill-animal-sanctuary-saugerties,2026-05-12
https://plantspack.com/place/pho12-berlin,2026-05-12
https://www.plantspack.com/place/pho12-berlin,2026-05-12
https://plantspack.com/place/greencity,2026-05-12
https://www.plantspack.com/place/greencity-freiburg-im-breisgau,2026-05-12
https://plantspack.com/place/chiche-luxembourg,2026-05-12
https://plantspack.com/place/veg-cafe-bar-sacramento,2026-05-12
https://www.plantspack.com/place/veg-cafe-bar-sacramento,2026-05-12
https://plantspack.com/place/crosby-s-marketplace-concord,2026-05-12
https://www.plantspack.com/place/crosby-s-marketplace-concord,2026-05-12
https://plantspack.com/place/muffins-galore-lymington,2026-05-12
https://www.plantspack.com/place/muffins-galore-lymington,2026-05-12
https://plantspack.com/place/vegetarian-express,2026-05-12
https://www.plantspack.com/place/vegetarian-express,2026-05-12
https://plantspack.com/place/gymnopedie-athens,2026-05-12
https://www.plantspack.com/place/gymnopedie-athens,2026-05-12
https://plantspack.com/place/sergio-s-bristol,2026-05-12
https://www.plantspack.com/place/sergio-s-bristol,2026-05-12
https://plantspack.com/place/hong-hoai-s-restaurant-ha-noi,2026-05-12
https://www.plantspack.com/place/hong-hoai-s-restaurant-ha-noi,2026-05-12
https://plantspack.com/place/burritos-california-seattle,2026-05-12
https://www.plantspack.com/place/burritos-california-seattle,2026-05-12
https://plantspack.com/place/cafe-cure-seminole,2026-05-12
https://www.plantspack.com/place/cafe-cure-seminole,2026-05-12
https://plantspack.com/place/fual-station-indore,2026-05-12
https://www.plantspack.com/place/fual-station-indore,2026-05-12
https://plantspack.com/place/peaceful-prairie-sanctuary-deer-trail,2026-05-12
https://www.plantspack.com/place/peaceful-prairie-sanctuary-deer-trail,2026-05-12
https://www.plantspack.com/vegan-places/serbia/belgrade,2026-05-12
https://plantspack.com/place/overtoom-301-amsterdam,2026-05-12
https://www.plantspack.com/place/overtoom-301-amsterdam,2026-05-12
https://plantspack.com/place/felzl-vienna,2026-05-12
https://plantspack.com/place/mai-tai-leipzig,2026-05-12
https://plantspack.com/place/wenninghoff-s-omaha,2026-05-12
https://www.plantspack.com/place/signorizza-colomiers,2026-05-11
https://plantspack.com/place/olives-funchal,2026-05-08
https://plantspack.com/place/2s2t-food-place,2026-05-07
https://plantspack.com/vegan-places/greece/mytilene,2026-05-06
https://plantspack.com/place/sreekrishna-vegetarian-hotel,2026-05-06
https://www.plantspack.com/_next/static/media/fba5a26ea33df6a3-s.p.0eehd8tgys7nv.woff2?dpl=dpl_5qPWuPwPk2Hubcwry6ZNEzjUhNWD,2026-05-06
https://plantspack.com/place/l-angolo-pizzosteria-vimodrone,2026-05-05
https://plantspack.com/place/quan-chay-co-may-thu-duc,2026-05-05
https://plantspack.com/place/vegegood,2026-05-04
https://www.plantspack.com/_next/static/chunks/0e74t6q2~4qru.js?dpl=dpl_DY8f3uNFbDDDgJsxxjBQCj7cx5gd,2026-05-04
https://plantspack.com/place/every-animal-kyiv,2026-05-04
https://www.plantspack.com/_next/static/chunks/0a5.lzsbv2o9b.js?dpl=dpl_Cy1zqvyku3QdSnAkErXvtKZGfpdS,2026-05-03
https://www.plantspack.com/_next/static/media/a343f882a40d2cc9-s.p.0kho-wj7-y-w1.woff2?dpl=dpl_CPkjjhJ76YE3DW3M1Mn1H81tG2aX,2026-05-03
https://www.plantspack.com/place/eiscafe-oase-leipzig,2026-05-02
https://www.plantspack.com/place/happy-pear-ireland,2026-05-02
https://www.plantspack.com/_next/static/chunks/0q78ydjb0ssbh.js?dpl=dpl_7CkGKQ1uxVymGbVw8EcVcFsiJDRR,2026-05-02
https://www.plantspack.com/_next/static/chunks/07t1k163ga08t.css?dpl=dpl_6wtUL5PtJvzkqzCtqgN8ruuSg1UD,2026-05-02
https://plantspack.com/place/your-placel-innsbruck,2026-05-02
https://www.plantspack.com/_next/static/media/fba5a26ea33df6a3-s.p.0eehd8tgys7nv.woff2?dpl=dpl_2JekVDfuxxoVEYSJJXTHXb4ge1Hp,2026-05-01
https://plantspack.com/place/clausens-sandwich,2026-04-30
https://plantspack.com/place/china-star-grill,2026-04-30
https://plantspack.com/place/govinda-copenhagen,2026-04-30
https://plantspack.com/place/locas-loco,2026-04-30
https://plantspack.com/place/handwich-thessaloniki,2026-04-30
https://plantspack.com/place/max-borlange,2026-04-29
https://plantspack.com/vegan-places/united-kingdom,2026-04-29
https://www.plantspack.com/vegan-places/united-kingdom,2026-04-29
https://plantspack.com/place/grounds-for-coffee,2026-04-26
https://plantspack.com/vegan-places/iran/neyshabur,2026-04-25
https://plantspack.com/place/cafe-global-im-wall,2026-04-25
https://www.plantspack.com/place/bastard-burgers-stockholm-2,2026-04-25
https://plantspack.com/place/fresh-thyme,2026-04-25
https://plantspack.com/place/ariana-hamburg,2026-04-25
https://www.plantspack.com/place/chutney-stockholm,2026-04-25
https://plantspack.com/place/fior-di-cucuzza,2026-04-25
https://plantspack.com/place/art-cafe,2026-04-25
https://plantspack.com/place/tasca-laska-bistrobar,2026-04-24
https://www.plantspack.com/place/patxi-s-pizza-porter-ranch,2026-04-24
https://plantspack.com/place/poke-scuse,2026-04-24
https://www.plantspack.com/_next/static/chunks/157g1syt8opz6.js?dpl=dpl_4zoBJJSiKoyPFS5w3drdjyzLreWd,2026-04-24
https://www.plantspack.com/_next/static/chunks/10z-9d_2a8vfg.js?dpl=dpl_4zoBJJSiKoyPFS5w3drdjyzLreWd,2026-04-23
https://plantspack.com/place/serio-berlin,2026-04-23
https://plantspack.com/place/port-riva-varna,2026-04-21
https://plantspack.com/place/don-papa-lappeenranta,2026-04-21
https://www.plantspack.com/_next/static/chunks/0_onpx52b.o-8.js?dpl=dpl_9h4MnXe7SAXKL9KjS2kBHd2YnZJr,2026-04-19
https://www.plantspack.com/_next/static/chunks/0ns7.9bo_9hh8.js?dpl=dpl_9h4MnXe7SAXKL9KjS2kBHd2YnZJr,2026-04-19
https://www.plantspack.com/_next/static/chunks/0xwf8zy_7~wxe.js?dpl=dpl_9h4MnXe7SAXKL9KjS2kBHd2YnZJr,2026-04-19
https://plantspack.com/place/io-mbiss-raz-1,2026-04-19
https://plantspack.com/place/eshlou-s-ittle-frica-rand-apids,2026-04-18
https://www.plantspack.com/_next/static/chunks/157g1syt8opz6.js?dpl=dpl_3e1AUoQNxBRh4WuTySQQRjbFN1S9,2026-04-18
https://www.plantspack.com/vegan-places/ecuador/cuenca,2026-04-18
https://www.plantspack.com/_next/static/media/fba5a26ea33df6a3-s.p.0eehd8tgys7nv.woff2?dpl=dpl_9h4MnXe7SAXKL9KjS2kBHd2YnZJr,2026-04-17
https://plantspack.com/place/espresso-house-lulea,2026-04-17
https://plantspack.com/place/pizzeria-casa-piccola,2026-04-17
https://plantspack.com/place/anker-vienna-984669,2026-04-16
https://www.plantspack.com/_next/static/chunks/0tlx6.xu.jrx~.js?dpl=dpl_3827TMPik7qkPqkGsR2zUhmKHuMY,2026-04-16
https://plantspack.com/place/loop-kebab,2026-04-15
https://plantspack.com/vegan-places/united-states/university-city,2026-04-15
https://plantspack.com/vegan-places/united-states/windermere,2026-04-14
https://plantspack.com/place/kaffila,2026-04-14
https://plantspack.com/vegan-places/austria/saalfelden,2026-04-14
https://plantspack.com/vegan-places/sweden/v-xj,2026-04-14
https://plantspack.com/place/kotipizza-tampere-447918,2026-04-13
https://plantspack.com/vegan-places/austria/weikersdorf-am-steinfelde,2026-04-13
https://plantspack.com/place/happy-pear-ireland,2026-04-13
https://plantspack.com/place/mr-green-restaurant,2026-04-12
https://plantspack.com/place/indigo,2026-04-12
https://www.plantspack.com/vegan-places/indonesia/gubeng-kota-surabaya-jawa-timur,2026-04-09
https://plantspack.com/vegan-places/malaysia/majlis-perbandaran-ampang-jaya,2026-04-09
https://plantspack.com/place/slovensko-vegansko-drustvo-ljubljana-slovenia,2026-04-01
https://www.plantspack.com/place/the-third-estate-london-united-kingdom,2026-03-28
https://plantspack.com/place/5dd36185-737d-4d3b-9f80-6252f1de560b,2026-03-28
https://plantspack.com/vegan-places/germany/alling,2026-03-28
https://plantspack.com/vegan-places/sweden/bandhagen,2026-03-28
https://plantspack.com/place/07d8c982-6f90-4f8e-aa76-21d446df84a4,2026-03-28
https://www.plantspack.com/post/f5253740-8394-4725-8056-71ad5014e4c8,2026-02-07
https://www.plantspack.com/post/3092a5eb-c2b4-46b9-a1d8-d7e9e9c19fe6,2026-02-06
https://www.plantspack.com/favicon.ico,2026-01-26